{"directed": false, "multigraph": false, "graph": {}, "nodes": [{"cls": null, "isHost": true, "defaultRoute": "via 10.0.1.254", "log_enabled": true, "log_dir": "./log", "mac": "00:00:0a:00:01:01", "ip": "10.0.1.1/24", "id": "h1"}, {"cls": null, "isHost": true, "defaultRoute": "via 10.0.3.254", "log_enabled": true, "log_dir": "./log", "mac": "00:00:0a:00:03:02", "ip": "10.0.3.2/24", "id": "h2"}, {"cli_input": "rules/default/s1-commands.txt", "cls": null, "isP4Switch": true, "isSwitch": true, "p4_src": "p4src/int_md.p4", "device_id": 1, "cpu_port": true, "pcap_dump": true, "pcap_dir": "./pcap", "log_enabled": true, "log_dir": "./log", "thrift_port": 9090, "json_path": "/home/p4/SecureINT-EM/p4src/int_md.json", "cpu_port_num": 3, "cpu_intf": "s1-cpu-eth0", "cpu_ctl_intf": "s1-cpu-eth1", "id": "s1"}, {"cli_input": "rules/default/s2-commands.txt", "cls": null, "isP4Switch": true, "isSwitch": true, "p4_src": "p4src/int_md.p4", "device_id": 2, "cpu_port": true, "pcap_dump": true, "pcap_dir": "./pcap", "log_enabled": true, "log_dir": "./log", "thrift_port": 9091, "json_path": "/home/p4/SecureINT-EM/p4src/int_md.json", "cpu_port_num": 3, "cpu_intf": "s2-cpu-eth0", "cpu_ctl_intf": "s2-cpu-eth1", "id": "s2"}, {"cli_input": "rules/default/s3-commands.txt", "cls": null, "isP4Switch": true, "isSwitch": true, "p4_src": "p4src/int_md.p4", "device_id": 3, "cpu_port": true, "pcap_dump": true, "pcap_dir": "./pcap", "log_enabled": true, "log_dir": "./log", "thrift_port": 9092, "json_path": "/home/p4/SecureINT-EM/p4src/int_md.json", "cpu_port_num": 3, "cpu_intf": "s3-cpu-eth0", "cpu_ctl_intf": "s3-cpu-eth1", "id": "s3"}], "links": [{"cls": null, "weight": 1, "addr1": "00:00:0a:00:01:01", "addr2": "00:01:0a:00:01:01", "intfName1": "h1-eth0", "intfName2": "s1-eth1", "node1": "h1", "node2": "s1", "port1": 0, "port2": 1, "ip1": "10.0.1.1/24", "ip2": null, "source": "h1", "target": "s1"}, {"cls": null, "weight": 1, "addr1": "00:00:0a:00:03:02", "addr2": "00:01:0a:00:03:02", "intfName1": "h2-eth0", "intfName2": "s3-eth1", "node1": "h2", "node2": "s3", "port1": 0, "port2": 1, "ip1": "10.0.3.2/24", "ip2": null, "source": "h2", "target": "s3"}, {"cls": null, "weight": 1, "intfName1": "s1-eth2", "intfName2": "s2-eth1", "addr1": "6a:18:72:20:05:53", "addr2": "66:79:4c:ed:cc:44", "node1": "s1", "node2": "s2", "port1": 2, "port2": 1, "ip1": null, "ip2": null, "source": "s1", "target": "s2"}, {"cls": null, "weight": 1, "intfName1": "s2-eth2", "intfName2": "s3-eth2", "addr1": "6a:9f:fd:d7:a6:7d", "addr2": "76:bb:1c:c6:7c:0f", "node1": "s2", "node2": "s3", "port1": 2, "port2": 2, "ip1": null, "ip2": null, "source": "s2", "target": "s3"}]}